artist,name,type,country,birthdate,deathdate
Kenny Wayne Shepherd,Kenny Wayne Shepherd,Person,US,1977-06-12,False
Iggy Azalea,Iggy Azalea,Person,US,1990-06-07,False
FLETCHER,FLETCHER,Person,US,1994-03-19,False
Lil Skies,Lil Skies,Person,US,1998-08-04,False
2 Chainz,2 Chainz,Person,US,1976-09-10,False
JAY-Z,JAY‐Z,Person,US,1969-12-04,False
Lyn Lapid,Lyn Lapid,Person,,,False
Lil Pump,Lil Pump,Person,US,2000-08-17,False
John Mayer,John Mayer,Person,US,1977-10-16,False
Zedd,Zedd,Person,DE,1989-09-02,False
Hikaru Utada,[Hikaru Utada's son],Person,,,False
Gesaffelstein,Gesaffelstein,Person,FR,1985-06-13,False
Rich The Kid,Rich the Kid,Person,US,1992-07-13,False
Silk City,Silk City,Group,GB,,False
Lil Duval,Lil Duval,Person,US,1977-06-12,False
Lukas Graham,Lukas Graham,Group,DK,2011,False
Zara Larsson,Zara Larsson,Person,SE,1997-12-16,False
Loud Luxury,Loud Luxury,Group,CA,2012,False
Midland,Midland,Group,US,2014,False
Sheck Wes,Sheck Wes,Person,US,1998-09-10,False
Flipp Dinero,Flipp Dinero,Person,US,1995-11-16,False
Pardison Fontaine,Pardison Fontaine,Person,,1989-12-09,False
Mark Ronson,Mark Ronson,Person,GB,1975-09-04,False
Kip Moore,Kip Moore,Person,US,1980-04-01,False
3 Dope Brothas,Dope,Group,US,1997,False
GloRilla,GloRilla,Person,US,1996-07-28,False
J. Cole,J. Cole,Person,US,1985-01-28,False
Cat Janice,Cat Janice,Person,US,1993-01-21,True
George Frideric Handel,George Frideric Handel,Person,GB,1685-02-23,True
Benson Boone,Benson Boone,Person,US,2002-06-25,False
Taylor Swift,Taylor Swift,Person,US,1989-12-13,False
Stealth,Stealth,Person,,,False
Bakar,Bakar,Person,GB,1994-02-12,False
Chappell Roan,Chappell Roan,Person,US,1998-02-19,False
Jelly Roll,Jelly Roll,Person,,,False
ILLIT,ILLIT,Group,KR,2023-09-01,False
Nate Smith,Nate Smith,Person,US,,False
Beyoncé,Beyoncé,Person,US,1981-09-04,False
Camila Cabello,Camila Cabello,Person,US,1997-03-03,False
Tucker Wetmore,Tucker Wetmore,Person,US,,False
Future,Future,Person,US,1983-11-20,False
Hozier,Hozier,Person,IE,1990-03-17,False
Olivia Rodrigo,Olivia Rodrigo,Person,US,2003-02-20,False
Peso Pluma,Peso Pluma,Person,MX,1999-07-15,False
Artemas,Artemas,,,,False
Shakira,Shakira,Person,CO,1977-02-02,False
Xavi,Xavi,Person,,,False
Joyner Lucas,Joyner Lucas,Person,US,1988-08-17,False
Cardi B,Cardi B,Person,US,1992-10-11,False
Sexyy Red,Sexyy Red,Person,US,1998-04-15,False
Gunna,Gunna,Person,US,1993-06-14,False
V,Riot V,Group,US,1975,False
Kacey Musgraves,Kacey Musgraves,Person,US,1988-08-21,False
BossMan Dlow,BossMan Dlow,Person,US,1998-08-31,False
Ivan Cornejo,Ivan Cornejo,Person,,,False
Bryan Martin,Bryan Adams,Person,CA,1959-11-05,False
FloyyMenor,FloyyMenor,,,,False
Ariana Grande,Ariana Grande,Person,US,1993-06-26,False
Dasha,Dasha,Person,RU,,False
Tyler Hubbard,Tyler Hubbard,Person,US,1987-01-31,False
Sam Hunt,Sam Hunt,Person,US,1984-12-08,False
Twenty One Pilots,twenty one pilots,Group,US,2009,False
Pharrell Williams,Pharrell Williams,Person,US,1973-04-05,False
Jordan Davis,Miles Davis,Person,US,1926-05-26,True
SZA,SZA,Person,US,1989-11-08,False
Bailey Zimmerman,Bailey Zimmerman,Person,US,2000-01-27,False
Selena Gomez,Selena Gomez,Person,US,1992-07-22,False
Lil Durk,Lil Durk,Person,US,1992-10-19,False
mgk,mgk,Person,US,1990-04-22,False
Key Glock,Key Glock,Person,US,1997-08-03,False
LE SSERAFIM,LE SSERAFIM,Group,KR,2022-03-28,False
Dua Lipa,Dua Lipa,Person,GB,1995-08-22,False
Bryson Tiller,Bryson Tiller,Person,US,1993-01-02,False
Yeat,Yeat,Person,US,2000-02-26,False
Djo,Djo,Person,US,1992-04-24,False
KAROL G,KAROL G,Person,CO,1991-02-14,False
Fuerza Regida,Fuerza Regida,Group,MX,2015,False
¥$,¥$,Group,US,2023,False
DJ Cover This,Cover,Group,PL,,False
Noah Kahan,Noah Kahan,Person,US,1997-01-01,False
Diezzle Don,Don Gibson,Person,US,1928-04-03,True
King Hendrick$,King Hendrick$,,,,False
Latto,Latto,Person,US,1998-12-22,False
Don Toliver,Don Toliver,Person,US,1994-06-12,False
Tracy Chapman,Tracy Chapman,Person,US,1964-03-30,False
Billy Joel,Billy Joel,Person,US,1949-05-09,False
Lil Yachty,Lil Yachty,Person,US,1997-08-23,False
Michael Marcagi,Michael Marcagi,Person,,,False
Megan Thee Stallion,Megan Thee Stallion,Person,US,1995-02-15,False
Tom MacDonald,Tom MacDonald,Person,CA,1988-09-21,False
Justin Timberlake,Justin Timberlake,Person,US,1981-01-31,False
Nicki Minaj,Nicki Minaj,Person,US,1982-12-08,False
Morgan Wallen,Morgan Wallen,Person,US,1993-05-13,False
Ice Spice,Ice Spice,Person,US,2000-01-01,False
YG Marley,YG Marley,Person,,,False
Good Neighbours,Good Neighbours,Group,GB,,False
Rich Amiri,Rich Amiri,Person,,2004-02-06,False
Conner Smith,Conner Smith,Person,US,2000-09-16,False
Christian Nodal,Christian Nodal,Person,MX,1999-01-11,False
Chris Janson,Chris Janson,Person,US,1986-04-02,False
Megan Moroney,Megan Moroney,Person,,1996-12-16,False
David Kushner,David Kushner,Person,US,,False
Oscar Ortiz,Oscar Ortiz,,,,False
Chris Brown,Chris Brown,Person,US,1989-05-05,False
21 Savage,21 Savage,Person,US,1992-10-22,False
Kali Uchis,Kali Uchis,Person,US,1994-07-17,False
Lil Nas X,Lil Nas X,Person,US,1999-04-09,False
That Mexican OT,That Mexican OT,Person,US,,False
Muni Long,Muni Long,Person,US,1988-09-14,False
4batz,4batz,Person,US,2001-08-06,False
Dylan Gossett,Dylan Gossett,Person,,,False
Fridayy,Fridayy,,,,False
Tee Grizzley,Tee Grizzley,Person,,1994-03-23,False
Kane Brown,Kane Brown,Person,US,1993-10-21,False
Chayce Beckham,Chayce Beckham,Person,US,,False
Sophie Ellis-Bextor,Sophie Ellis‐Bextor,Person,GB,1979-04-10,False
Lainey Wilson,Lainey Wilson,Person,US,1992-05-19,False
The Jackson 5,The Jacksons,Group,US,1966,True
Perry Como,Perry Como,Person,US,1912-05-18,True
Brett Eldredge,Brett Eldredge,Person,US,1986-03-23,False
Lil Baby,Lil Baby,Person,US,1994-12-03,False
Flo Milli,Flo Milli,Person,,2000-01-09,False
Juice WRLD,Juice WRLD,Person,US,1998-12-02,True
George Birge,George Birge,Person,,,False
The Red Clay Strays,The Red Clay Strays,Group,,,False
Cher,Cher,Person,US,1946-05-20,False
Maurice Ravel,Maurice Ravel,Person,FR,1875-03-07,True
The Weeknd,The Weeknd,Person,CA,1990-02-16,False
Tate McRae,Tate McRae,Person,CA,2003-07-01,False
BigXthaPlug,BigXthaPlug,Person,US,,False
Sabrina Carpenter,Sabrina Carpenter,Person,US,1999-05-11,False
Drake,Drake,Person,CA,1986-10-24,False
Luke Combs,Luke Combs,Person,US,1990-03-02,False
André 3000,André 3000,Person,US,1975-05-27,False
Jack Harlow,Jack Harlow,Person,US,1998-03-13,False
Stray Kids,Stray Kids,Group,KR,2017-10-17,False
Riley Green,Riley Green,Person,US,1988-10-18,False
YoungBoy Never Broke Again,YoungBoy Never Broke Again,Person,US,1999-10-20,False
310babii,310babii,Person,US,,False
Jung Kook,Jung Kook,Person,KR,1997-09-01,False
The Beatles,The Beatles,Group,GB,1960-01-01,True
The Kid LAROI,The Kid LAROI,Person,AU,2003-08-16,False
Carly Pearce,Carly Pearce,Person,US,1990-04-24,False
The Citizens of Halloween,Halloween,Group,US,1984,False
Lil Mabu,Lil Mabu,Person,,2005-04-04,False
Parker McCollum,Parker McCollum,Person,US,1992-06-15,False
Troye Sivan,Troye Sivan,Person,AU,1995-06-05,False
Bad Bunny,Bad Bunny,Person,PR,1994-03-10,False
Offset,Offset,Person,US,1991-12-14,False
BoyWithUke,BoyWithUke,Person,US,2002-08-25,False
Jessie Murph,Jessie Murph,Person,,2004-09-22,False
Junior H,Junior H,Person,MX,2000-04-23,False
*NSYNC,*NSYNC,Group,US,1995,False
Thomas Rhett,Thomas Rhett,Person,US,1990-03-30,False
Tyla,Tyla,Person,SA,2002-01-30,False
Sqweez,,,,,
Dustin Lynch,Dustin Lynch,Person,US,1985-05-14,False
Russell Dickerson,Russell Dickerson,Person,US,1987-05-07,False
Zach Bryan,Zach Bryan,Person,US,1996-04-02,False
Doja Cat,Doja Cat,Person,US,1995-10-21,False
Lil Tecca,Lil Tecca,Person,US,2002-08-26,False
blink-182,blink‐182,Group,US,1992-08-01,False
Mitski,Mitski,Person,US,1990-09-27,False
Maluma,Maluma,Person,CO,1994-01-28,False
Dylan Scott,Bob Dylan,Person,US,1941-05-24,False
Rod Wave,Rod Wave,Person,US,1999-08-27,False
Diddy,Diddy,Person,US,1969-11-04,False
Kenya Grace,Kenya Grace,Person,GB,,False
Paul Russell,Paul McCartney,Person,GB,1942-06-18,False
Chris Jedi,Chris Jedi,Person,PR,,False
Jimmy Buffett,Jimmy Buffett,Person,US,1946-12-25,True
Party Tyme,Tyme.,,,,False
Timbaland,Timbaland,Person,US,1972-03-10,False
Miley Cyrus,Miley Cyrus,Person,US,1992-11-23,False
Burna Boy,Burna Boy,Person,NG,1991-07-02,False
Gucci Mane,Gucci Mane,Person,US,1980-02-12,False
Carin Leon,Carin León,Person,MX,1989-07-26,False
Victoria Monét,Victoria Monét,Person,US,1993-05-01,False
Tim McGraw,Tim McGraw,Person,US,1967-05-01,False
Polo G,Polo G,Person,US,1999-01-06,False
Oliver Anthony Music,Oliver Anthony,Person,US,1992-06-30,False
DJ Khaled,DJ Khaled,Person,US,1975-11-26,False
Cody Johnson,Cody Johnson,Person,US,1987-05-21,False
Warren Zeiders,Warren Zeiders,Person,,,False
Dominic Fike,Dominic Fike,Person,,1995-12-30,False
Teddy Swims,Teddy Swims,Person,US,1992-09-25,False
USHER,Usher,Person,US,1978-10-14,False
Grupo Frontera,Grupo Frontera,Group,US,2022-06-08,False
Travis Scott,Travis Scott,Person,US,1991-04-30,False
Topaz Jones,Topaz Jones,Person,,,False
YMR,,,,,
The Hit Crew,The Hit Crew,Group,US,,False
Lou CharLe$,Charle$,,,,False
Tyler Childers,Tyler Childers,Person,US,1991-06-21,False
Yung Lean,Yung Lean,Person,SE,1996-07-18,False
Post Malone,Post Malone,Person,US,1995-07-04,False
Chris Stapleton,Chris Stapleton,Person,US,1978-04-15,False
Diplo,Diplo,Person,US,1978-11-10,False
Charli XCX,Charli XCX,Person,,1992-08-02,False
NewJeans,NewJeans,Group,KR,2022-07-22,False
Ryan Gosling,Ryan Gosling,Person,CA,1980-11-12,False
Luke Bryan,Luke Bryan,Person,US,1976-07-17,False
Rylo Rodriguez,Rylo Rodriguez,Person,US,1993-09-30,False
Jason Aldean,Jason Aldean,Person,US,1977-02-28,False
PHONK,Phonk,,,,False
Dan + Shay,Dan + Shay,Group,US,2012-12,False
Quavo,Quavo,Person,US,1991-04-02,False
Ryan Castro,Ryan Castro,Person,CO,1994-01-14,False
FendiDa Rappa,FendiDa Rappa,Person,,1995-09-27,False
Myke Towers,Myke Towers,Person,PR,1994-01-15,False
Lil Uzi Vert,Lil Uzi Vert,Person,US,1995-07-31,False
Tainy,Tainy,Person,PR,1989-08-09,False
Fall Out Boy,Fall Out Boy,Group,US,2001,False
Young Thug,Young Thug,Person,US,1991-08-16,False
Lyrical Lemonade,Lyrical Lemonade,Other,,2013-03-25,False
Only The Family,Only the Family,Group,,,False
Parmalee,Parmalee,Group,US,,False
Feid,Feid,Person,CO,1992-08-19,False
BTS,BTS,Group,KR,2013-06-13,False
El Alfa,El Alfa,Person,DO,1990-12-18,False
HARDY,Françoise Hardy,Person,FR,1944-01-17,False
Baby Keem,Baby Keem,Person,US,2000-10-22,False
Bizarrap,Bizarrap,Person,AR,1998,False
Metro Boomin,Metro Boomin,Person,US,1993-09-16,False
Anya Nami,Anya Nami,Person,US,,False
Moneybagg Yo,Moneybagg Yo,Person,US,1991-09-22,False
Young Nudy,Young Nudy,Person,US,1992-12-17,False
Badboi Jay,DJ badboi,Person,,,False
Jacquees,Jacquees,Person,US,1994-04-15,False
grandson,grandson,Person,CA,1993-10-25,False
Lana Del Rey,Lana Del Rey,Person,US,1985-06-21,False
Summer Walker,Summer Walker,Person,US,1996-04-11,False
Kodak Black,Kodak Black,Person,US,1997-06-11,False
David Guetta,David Guetta,Person,FR,1967-11-07,False
Hailey Whitters,Hailey Whitters,Person,US,1989-09-09,False
Jon Pardi,Jon Pardi,Person,US,1985-05-20,False
Kaliii,Kaliii,Person,US,2000-07-29,False
Anuel AA,Anuel AA,Person,PR,1992-11-27,False
JENNIE,JENNIE,Person,KR,1996-01-16,False
DaBaby,DaBaby,Person,US,1991-12-22,False
Ed Sheeran,Ed Sheeran,Person,GB,1991-02-17,False
Doechii,Doechii,Person,US,1998-08-14,False
Jonas Brothers,Jonas Brothers,Group,US,2005,False
Libianca,Libianca,Person,US,2001,False
Kim Petras,Kim Petras,Person,US,1992-08-27,False
Agust D,Agust D,Person,KR,1993-03-09,False
Yahritza Y Su Esencia,Yahritza y su Esencia,Group,,,False
"Tyler, The Creator","Tyler, the Creator",Person,US,1991-03-06,False
Becky G,Becky G,Person,US,1997-03-02,False
Grupo Marca Registrada,Marca Registrada,Group,,2014,False
Scotty McCreery,Scotty McCreery,Person,US,1993-10-09,False
NF,NF,Person,US,1991-03-30,False
Jack Black,Black Jack,Group,,1991,False
Labrinth,Labrinth,Person,GB,1989-01-04,False
HUGEL,HUGEL,Person,FR,1987-12-04,False
Melanie Martinez,Melanie Martinez,Person,US,1995-04-28,False
Laurie Miller,Laurie Miller,Person,US,,False
Kanii,KANII,Person,US,2005-08-02,False
Nardo Wick,Nardo Wick,Person,US,2001-12-30,False
Jimin,Jimin,Person,KR,1995-10-13,False
ROSALÍA,ROSALÍA,Person,ES,1992-09-25,False
Lola Brooke,Lola Brooke,Person,US,,False
Old Dominion,Old Dominion,Group,US,2007,False
7KINGIN,,,,,
Yng Lvcas,Yng Lvcas,Person,,,False
Chino Pacas,Chino Pacas,Person,MX,2007-10-18,False
Eladio Carrion,Eladio Carrión,Person,PR,1994-11-14,False
Coco Jones,Coco Jones,Person,US,1998-01-04,False
Russ,Russ,Person,US,1992-09-26,False
FIFTY FIFTY,FIFTY FIFTY,Group,KR,2022-11-10,False
Vanessa Carlton,Vanessa Carlton,Person,US,1980-08-16,False
j-hope,j‐hope,Person,KR,1994-02-18,False
Lil Wayne,Lil Wayne,Person,US,1982-09-27,False
Halsey,Halsey,Person,US,1994-09-29,False
Toosii,Toosii,Person,US,2000-01-09,False
Niall Horan,Niall Horan,Person,IE,1993-09-13,False
Lizzy McAlpine,Lizzy McAlpine,Person,,1999-09-21,False
P!nk,P!nk,Person,US,1979-09-08,False
NLE Choppa,NLE Choppa,Person,US,2002-11-01,False
Dierks Bentley,Dierks Bentley,Person,US,1975-11-20,False
Ember Island,Ember Island,Group,SE,,False
Linkin Park,Linkin Park,Group,US,1999,False
Rihanna,Rihanna,Person,US,1988-02-20,False
Superstar Pride,Superstar Pride,,,,False
PinkPantheress,PinkPantheress,Person,GB,2001-04-18,False
Falling In Reverse,Falling in Reverse,Group,US,2008,False
Yandel,Yandel,Person,PR,1977-01-14,False
Sam Smith,Sam Smith,Person,GB,1992-05-19,False
Oscar Maydon,Oscar Maydon,,,,False
Ozuna,Ozuna,Person,PR,1992-03-13,False
Trippie Redd,Trippie Redd,Person,US,1999-06-18,False
Tiësto,Tiësto,Person,NL,1969-01-17,False
TWICE,TWICE,Group,KR,2015-07-07,False
Natanael Cano,Natanael Cano,Person,,2001-03-27,False
Finesse2tymes,Finesse2tymes,Person,US,1992-06-10,False
ThxSoMch,ThxSoMch,Person,,,False
TAEYANG,TAEYANG,Person,KR,1988-05-18,False
Mac DeMarco,Mac DeMarco,Person,CA,1990-04-30,False
Miguel,Miguel,Person,US,1985-10-23,False
Brett Young,Brett Young,Person,US,1981-03-23,False
Lady Gaga,Lady Gaga,Person,US,1986-03-28,False
Tory Lanez,Tory Lanez,Person,CA,1992-07-27,False
d4vd,d4vd,Person,US,2005-03-28,False
Hotel Ugly,Hotel Ugly,,,,False
Coi Leray,Coi Leray,Person,US,1997-05-11,False
Ñengo Flow,Ñengo Flow,Person,PR,1981-10-15,False
John Lennon,John Lennon,Person,GB,1940-10-09,True
Pentatonix,Pentatonix,Group,US,2011,False
Metallica,Metallica,Group,US,1981-10-28,False
A Boogie Wit da Hoodie,A Boogie Wit da Hoodie,Person,US,1995-12-06,False
Arcángel,Arcángel,Person,PR,1985-12-23,False
RM,RM,Person,KR,1994-09-12,False
Kelly Clarkson,Kelly Clarkson,Person,US,1982-04-24,False
Elvis Presley,Elvis Presley,Person,US,1935-01-08,True
RAYE,RAYE,Person,GB,1997-10-24,False
Lauren Spencer Smith,Lauren Spencer Smith,Person,CA,2003-09-28,False
Lizzo,Lizzo,Person,US,1988-04-27,False
Rico Nasty,Rico Nasty,Person,US,1997-05-07,False
Joji,Joji,Person,US,1992-09-18,False
JIN,Jin Jin,,,,False
Meghan Trainor,Meghan Trainor,Person,US,1993-12-22,False
Oliver Tree,Oliver Tree,Person,US,1993-06-29,False
Marshmello,Marshmello,Person,US,1992-05-19,False
Rauw Alejandro,Rauw Alejandro,Person,PR,1993-01-10,False
YG,YG,Person,US,1990-03-09,False
Lewis Capaldi,Lewis Capaldi,Person,GB,1996-10-17,False
Zac Brown Band,Zac Brown Band,Group,US,2000,False
AJR,AJR,Group,US,2006,False
Jimmie Allen,Jimmie Allen,Person,US,1986-06-18,False
BLACKPINK,BLACKPINK,Group,KR,2016-08-08,False
Omar Apollo,Omar Apollo,Person,US,1997-05-20,False
Little Big Town,Little Big Town,Group,US,1998,False
Yung Bleu,Bleu,Person,US,1975-07-18,False
Steve Lacy,Steve Lacy,Person,US,1934-07-23,True
EST Gee,EST Gee,Person,US,1994-05-11,False
Ghost,Ghost,Group,SE,2008,False
Rema,Rema‐Rema,Group,GB,1979,True
Armani White,Armani White,Person,,1996-09-25,False
Romeo Santos,Romeo Santos,Person,US,1981-07-21,False
Elton John,Elton John,Person,GB,1947-03-25,False
Lil Tjay,Lil Tjay,Person,US,2001-04-30,False
Kanye West,Ye,Person,US,1977-06-08,False
JVKE,JVKE,Person,US,2001-03-01,False
karaoke SESH,Sesh,Group,,2019,False
Jackson Dean,Dean Martin,Person,US,1917-06-07,True
Demi Lovato,Demi Lovato,Person,US,1992-08-20,False
Rosa Linn,Rosa Linn,Person,AM,2000-03-20,False
Lee Brice,Lee Brice,Person,US,1979-06-10,False
Manuel Turizo,Manuel Turizo,Person,CO,2000-04-12,False
benny blanco,benny blanco,Person,US,1988-03-08,False
NAV,NAV,Person,,1989-11-03,False
Jax,Jax Jones,Person,GB,1987-07-25,False
Billie Eilish,Billie Eilish,Person,US,2001-12-18,False
John Rich,John Rich,Person,US,1974-01-07,False
Justin Moore,Justin Moore,Person,US,1984-03-30,False
Mac Miller,Mac Miller,Person,US,1992-01-19,True
Mitchell Tenpenny,Mitchell Tenpenny,Person,US,1989-08-17,False
Tems,Tems,Person,NG,1995-06-11,False
Chris Young,Neil Young,Person,CA,1945-11-12,False
Gabby Barrett,Gabby Barrett,Person,US,2000-03-05,False
Brent Faiyaz,Brent Faiyaz,Person,US,1995-09-19,False
Yung Gravy,Yung Gravy,Person,US,1996-03-19,False
City Girls,Sun City Girls,Group,US,1981,True
Ingrid Andress,Ingrid Andress,Person,US,1991-09-21,False
Jake Owen,Jake Owen,Person,US,1981-08-28,False
Sia,Sia,Person,AU,1975-12-18,False
Charlie Puth,Charlie Puth,Person,US,1991-12-02,False
Eminem,Eminem,Person,US,1972-10-17,False
Corey Kent,Corey Kent,Person,US,,False
OneRepublic,OneRepublic,Group,US,2004,False
Kate Bush,Kate Bush,Person,GB,1958-07-30,False
SleazyWorld Go,SleazyWorld Go,Person,,1998-01-17,False
Sleepy Hallow,Sleepy Hallow,Person,US,1999-12-20,False
Calvin Harris,Calvin Harris,Person,,1984-01-17,False
Cole Swindell,Cole Swindell,Person,US,1983-06-30,False
Nicky Youre,Nicky Youre,Person,US,1999-06-04,False
Hitkidd,Hitkidd,Person,,,False
Keith Urban,Keith Urban,Person,AU,1967-10-26,False
Stephen Sanchez,Stephen King,Person,US,1947-09-21,False
Harry Styles,Harry Styles,Person,GB,1994-02-01,False
Ella Mai,Ella Mai,Person,GB,1994-11-03,False
Kendrick Lamar,Kendrick Lamar,Person,US,1987-06-17,False
Abioye Alejandro Gotti,Yo Gotti,Person,US,1981-05-19,False
Blake Roman,Blake Roman,Person,US,,False
Roger Daltrey,Roger Daltrey,Person,GB,1944-03-01,False
Justin Bieber,Justin Bieber,Person,CA,1994-03-01,False
PSY,PSY,Person,KR,1977-12-31,False
Southside,Southside,Person,US,1989-02-02,False
Pusha T,Pusha T,Person,US,1977-05-14,False
Kay Flock,Kay Flock,Person,US,2003-04-20,False
6ix9ine,6ix9ine,Person,US,1996-05-08,False
42 Dugg,42 Dugg,Person,US,1993-11-25,False
Chlöe,Chloé,Person,FR,1976-04-20,False
BRELAND,BRELAND,Person,US,1995-07-18,False
Shawn Mendes,Shawn Mendes,Person,CA,1998-08-08,False
Dreamville,Dreamville,Group,US,2007,False
5 Seconds of Summer,5 Seconds of Summer,Group,AU,2011,False
Daddy Yankee,Daddy Yankee,Person,PR,1977-02-03,False
Anitta,Anitta,Person,BR,1993-03-30,False
J Balvin,J Balvin,Person,CO,1985-05-07,False
4*TOWN (From Disney and Pixar’s Turning Red),4*TOWN,Other,CA,2022-02-21,False
Carrie Underwood,Carrie Underwood,Person,US,1983-03-10,False
AnnenMayKantereit,AnnenMayKantereit,Group,DE,2011,False
Lucky Daye,Lucky Daye,Person,US,1985-09-25,False
Kevin Gates,Kevin Gates,Person,US,1986-02-05,False
Nirvana,Nirvana,Group,US,1987,True
Bruno Mars,Bruno Mars,Person,US,1985-10-08,False
Flume,Flume,Person,AU,1991-11-05,False
Imagine Dragons,Imagine Dragons,Group,US,2008,False
King Von,Stephen King,Person,US,1947-09-21,False
Hippie Sabotage,Hippie Sabotage,Group,US,,False
Tyga,Tyga,Person,US,1989-11-19,False
JNR CHOI,Jnr Choi,Person,GB,,False
lil Shordie Scott,Lil Shordie Scott,,,,False
Steve Miller Band,Steve Miller Band,Group,US,1967,False
Dr. Dre,Dr. Dre,Person,US,1965-02-18,False
Fivio Foreign,Fivio Foreign,Person,,1990-03-29,False
Dove Cameron,Dove Cameron,Person,US,1996-01-15,False
Mary J. Blige,Mary J. Blige,Person,US,1971-01-11,False
Saweetie,Saweetie,Person,US,1993-07-02,False
Red Hot Chili Peppers,Red Hot Chili Peppers,Group,US,1983,False
$NOT,$NOT,Person,US,1997-12-16,False
Queen Naija,Queen Naija,Person,US,1995-10-17,False
Alesso,Alesso,Person,SE,1991-07-07,False
The Chainsmokers,The Chainsmokers,Group,US,2012,False
Benny The Butcher,Benny the Butcher,Person,,1984-11-27,False
Fireboy DML,Fireboy DML,Person,,1996-02-05,False
Miranda Lambert,Miranda Lambert,Person,US,1983-11-10,False
XXXTENTACION,XXXTENTACION,Person,US,1998-01-23,True
Em Beihold,Em Beihold,Person,US,1999-01-21,False
Jaymes Young,Jaymes Young,Person,US,,False
Carlos Vives,Carlos Vives,Person,CO,1961-08-07,False
Internet Money,Internet Money,Group,US,2015-01-01,False
The Game,The Game,Person,US,1979-11-27,False
JID,JID,Person,US,1990-10-31,False
Stephanie Beatriz,Stephanie Beatriz,Person,US,1981-02-10,False
Maren Morris,Maren Morris,Person,US,1990-04-10,False
Andrew Underberg,Andrew Underberg,Person,,,False
Diane Guerrero,Diane Guerrero,Person,US,1986-07-21,False
ERNEST,Ernest Tubb,Person,US,1914-02-09,True
Sebastian Yatra,Sebastián Yatra,Person,CO,1994-10-15,False
Walker Hayes,Walker Hayes,Person,US,1979-12-27,False
Blake Shelton,Blake Shelton,Person,US,1976-06-18,False
The Walters,The Beatles,Group,GB,1960,True
Carolina Gaitán - La Gaita,Carolina Gaitán,Person,CO,1984-04-04,False
Jessica Darrow,Jessica Darrow,Person,US,1995-01-07,False
Emmy Meli,Emmy Meli,Person,,1999-12-14,False
Ari Lennox,Ari Lennox,Person,US,1991-03-26,False
Vince Guaraldi Trio,Vince Guaraldi Trio,Group,US,,False
Roddy Ricch,Roddy Ricch,Person,US,1998-10-22,False
ACRAZE,ACRAZE,Person,US,,False
Eartha Kitt,Eartha Kitt,Person,US,1927-01-17,True
Adele,Adele,Person,GB,1988-05-05,False
GAYLE,Crystal Gayle,Person,US,1951-01-09,False
State of Mine,State of Mine,Group,,2007-09-01,False
Eric Church,Eric Church,Person,US,1977-05-03,False
Arctic Monkeys,Arctic Monkeys,Group,GB,2002,False
Pop Voice Nation,Iggy Pop,Person,US,1947-04-21,False
YOUNGX777,youngx777,Person,,,False
Amaarae,Amaarae,Person,GH,1994-07-04,False
"Bobby ""Boris"" Pickett",Bobby “Boris” Pickett,Person,US,1938-02-11,True
Ray Parker Jr.,Ray Parker Jr.,Person,US,1954-05-01,False
Rockwell,Rockwell,Person,US,1964-03-15,False
Yung Miami,Yung Miami,Person,,1994-02-11,False
Swedish House Mafia,Swedish House Mafia,Group,SE,2008,False
Bryson Gray,Bryson Gray,Person,,1991-05-24,False
Wale,Wale,Person,US,1984-09-21,False
Kelsea Ballerini,Kelsea Ballerini,Person,US,1993-09-12,False
LISA,LiSA,Person,JP,1987-06-24,False
Loza Alexander,Loza Alexander,Person,,,False
NEIKED,NEIKED,Person,,1991-12-28,False
Coldplay,Coldplay,Group,GB,1996-09,False
Grupo Firme,Grupo Firme,Group,MX,2014,False
RealestK,RealestK,Person,,2004-06-05,False
Lady A,Lady A,Group,US,2006,False
Priscilla Block,Priscilla Block,Person,US,1995-08-11,False
Meek Mill,Meek Mill,Person,US,1987-05-06,False
Eslabon Armado,Eslabón Armado,Group,US,2017,False
Skylar Grey,Skylar Grey,Person,US,1986-02-23,False
Michael Ray,Ray Charles,Person,US,1930-09-23,True
Newage 6.5,Newage,,,,False
Giveon,GIVĒON,Person,US,1990-02-21,False
Blxst,Blxst,Person,US,1992-09-17,False
CKay,CKay,Person,NG,,False
THE ANXIETY,THE ANXIETY,Group,,,False
Monica,Monica,Person,US,1980-10-24,False
N2DEEP,N2Deep,Group,US,1990,False
Xavier Wulf,Xavier Wulf,Person,,1992-10-24,False
Fontaines D.C.,Ruts DC,Group,,,False
Pop Smoke,Pop Smoke,Person,US,1999-07-20,True
Skrillex,Skrillex,Person,US,1988-01-15,False
Clinton Kane,Clinton Kane,Person,AU,,False
Sueco,Sueco,Person,US,1997-01-28,False
YNW Melly,YNW Melly,Person,US,1999-05-01,False
T-Pain,T‐Pain,Person,US,1985-09-30,False
Nas,Nas,Person,US,1973-09-14,False
Hit The Button Karaoke,The Hit Crew,Group,US,,False
Nessa Barrett,Nessa Barrett,Person,US,2002-08-06,False
Kenny Chesney,Kenny Chesney,Person,US,1968-03-26,False
Aventura,Aventura,Group,US,1994,False
Capella Grey,Capella Grey,Person,,1995-08-02,False
Isaiah Rashad,Isaiah Rashad,Person,US,1991-05-16,False
Smiley,Smiley Lewis,Person,US,1913-07-05,True
Farruko,Farruko,Person,PR,1991-05-02,False
Belly,Lead Belly,Person,US,1888-01-20,True
Normani,Normani,Person,US,1996-05-31,False
Counting Crows,Counting Crows,Group,US,1991,False
BIA,Bïa,Person,BR,,False
Bas,Bas,Person,US,1987-05-27,False
Mora,Mora Mora,,,,False
Aaron Lewis,Aaron Lewis,Person,US,1972-04-13,False
Big Red Machine,Red Machine,,,,False
G Herbo,G Herbo,Person,US,1994-11-08,False
Wizkid,Wizkid,Person,NG,1990-07-16,False
Tai Verdes,Tai Verdes,Person,US,1995-12-06,False
Jameson Rodgers,Jameson Rodgers,Person,US,,False
Nio Garcia,Nio García,Person,PR,1989-04-03,False
The Lemonheads,The Lemonheads,Group,US,1984,False
will.i.am,will.i.am,Person,US,1975-03-15,False
Serge Gainsbourg,Serge Gainsbourg,Person,FR,1928-04-02,True
Måneskin,Måneskin,Group,IT,2016,False
Elvie Shane,Elvie Shane,Person,,,False
Migos,Migos,Group,US,2008,False
Lorde,Lorde,Person,NZ,1996-11-07,False
Quality Control,Quality Control,Group,,2017-12-08,False
WILLOW,WILLOW,Person,US,2000-10-31,False
Los Legendarios,Los Legendarios,Group,PR,,False
Regard,Regard,Person,,1993,False
Cochise,Cochise,Group,DE,1979,True
Chase Rice,Chase Rice,Person,US,1986-09-19,False
MO3,MO3,Person,US,1992-05-31,True
8-Bit Arcade,8-Bit Arcade,Person,,,False
Los 50 De Joselito,Los 50 de Joselito,Group,CO,,False
Juan Villareal y Sus Cachorros,Juan Villareal,Person,,,False
Nat King Cole,Nat King Cole,Person,US,1919-03-17,True
Bella Poarch,Bella Poarch,Person,US,1997-02-08,False
Ali Tabatabaee,Ali Tabatabaee,Person,US,1973-02-27,False
Cico P,Cico P,Person,,1998-02-06,False
Gera MX,Gera MX,Person,MX,1994-07-15,False
Young Stoner Life,Young Stoner Life,Group,,,False
Ryan Hurd,Ryan Hurd,Person,US,1986-11-02,False
DMX,DMX,Person,US,1970-12-18,True
Alphaville,Alphaville,Group,DE,1983,False
Duncan Laurence,Duncan Laurence,Person,NL,1994-04-11,False
ROSÉ,Karen Rose,Person,US,,False
Maroon 5,Maroon 5,Group,US,2002,False
Nelly,Nelly,Person,US,1974-11-02,False
Elle King,Elle King,Person,US,1989-07-03,False
Prince Herzel,Prince,Person,US,1958-06-07,True
Mooski,Mooski,Group,,,False
Nipsey Hussle,Nipsey Hussle,Person,US,1985-08-15,True
Masked Wolf,Masked Wolf,Person,AU,1991-02-12,False
Rascal Flatts,Rascal Flatts,Group,US,1999,True
Pooh Shiesty,Pooh Shiesty,Person,US,2000-11-08,False
G-Eazy,G‐Eazy,Person,US,1989-05-24,False
Ava Max,Ava Max,Person,US,1994-02-16,False
Jason Derulo,Jason Derulo,Person,US,1989-09-21,False
Morray,Morray,Person,,,False
YBN Nahmir,YBN Nahmir,Person,US,1999-12-18,False
SpotemGottem,SpotemGottem,Person,US,2001-10-19,False
Ant Clemons,Ant Clemons,Person,US,1991-09-26,False
Tenille Arts,Tenille Arts,Person,CA,1994-04-19,False
Jazmine Sullivan,Jazmine Sullivan,Person,US,1987-04-09,False
Erica Banks,Erica Banks,Person,US,1998-10-05,False
Florida Georgia Line,Florida Georgia Line,Group,US,2010,True
thủy,thuy,Person,,1991-10-29,False
Glass Animals,Glass Animals,Group,GB,2010-01-01,False
Playboi Carti,Playboi Carti,Person,US,1996-09-13,False
All Time Low,All Time Low,Group,US,2003,False
Bing Crosby,Bing Crosby,Person,US,1903-05-03,True
Donny Hathaway,Donny Hathaway,Person,US,1945-10-01,True
Eagles,Eagles,Group,US,1971,False
The Beach Boys,The Beach Boys,Group,US,1961,False
Michael Bublé,Michael Bublé,Person,CA,1975-09-09,False
Popp Hunna,Popp Hunna,Person,,2000-10-21,False
DDG,DDG,Person,,1997-10-10,False
Kid Cudi,Kid Cudi,Person,US,1984-01-30,False
Paul McCartney,Paul McCartney,Person,GB,1942-06-18,False
Mariah Carey,Mariah Carey,Person,US,1969-03-27,False
Trey Lewis,Trey Lewis,Person,US,,False
TV Girl,TV Girl,Group,US,2010,False
Audien,Audien,Person,US,1992-01-11,False
Mike WiLL Made-It,Mike WiLL Made‐It,Person,US,1989-03-23,False
Darius Rucker,Darius Rucker,Person,US,1966-05-13,False
CJ,CJ Bolland,Person,BE,1971-06-18,False
Confetti,Confetti’s,Group,BE,1988,True
BeatKing,BeatKing,Person,US,1984-11-24,False
Ty Dolla $ign,Ty Dolla $ign,Person,US,1985-04-13,False
H.E.R.,H.E.R.,Person,US,1997-06-27,False
Tears For Fears,Tears for Fears,Group,GB,1981,False
Larray,Larray,Person,,1998-07-22,False
BRS Kash,BRS Kash,Person,,1993-05-15,False
Incubus,Incubus,Group,US,1991,False
Bebe Rexha,Bebe Rexha,Person,US,1989-08-30,False
Clairo,Clairo,Person,US,1998-08-18,False
Fleetwood Mac,Fleetwood Mac,Group,GB,1967-07,False
Why Don't We,Why Don’t We,Group,US,2016-09-27,False
Ne-Yo,Ne‐Yo,Person,US,1979-10-18,False
ZAYN,ZAYN,Person,,1993-01-12,False
Chris Lane,Chris Lane,Person,,1984-11-09,False
Niko Moon,Niko Moon,Person,US,1982-09-20,False
Ritt Momney,Ritt Momney,Group,,,False
YFN Lucci,YFN Lucci,Person,US,1991-02-16,False
Sada Baby,Sada Baby,Person,US,1992-11-17,False
Andrew Jannakos,Andrew Jannakos,Person,,,False
Vedo,Vedo,Person,US,,False
Styles P,Styles P,Person,US,1974-11-28,False
Sech,Sech,Person,PA,1993-12-03,False
Big Sean,Big Sean,Person,US,1988-03-25,False
Matt Stell,Matt Stell,Person,,,False
Dorrough Music,Dorrough Music,,,,False
WhoHeem,WhoHeem,Person,,,False
Conan Gray,Conan Gray,Person,US,1998-12-05,False
Money Man,Money Man,Person,US,1986-02-27,False
Esco Bar,Esco Bar,,,,False
24kGoldn,24kGoldn,Person,US,2000-11-13,False
Bryansanon,Bryansanon,Person,,,False
Logic,Logic,Person,US,1990-01-22,False
Topic,Topic,Person,DE,1992-03-23,False
Arcade Player,Arcade Player,,,,False
Redbone,Redbone,Group,US,1968,False
6LACK,6LACK,Person,US,1992-06-24,False
Trevor Daniel,Trevor Daniel,Person,US,1994-09-28,False
Tyla Yaweh,Tyla Yaweh,Person,US,1995-05-23,False
Jawsh 685,Jawsh 685,Person,NZ,2002-11-04,False
Chloe x Halle,Chloe × Halle,Group,US,2011,False
J.I the Prince of N.Y,J.I the Prince of N.Y,Person,,2001-09-23,False
Black Eyed Peas,Black Eyed Peas,Group,US,1995,False
Ashley McBryde,Ashley McBryde,Person,,1983-07-29,False
Brantley Gilbert,Brantley Gilbert,Person,US,1985-01-20,False
LOCASH,LOCASH,Group,US,2011,False
Kygo,Kygo,Person,NO,1991-09-11,False
MF DOOM,MF DOOM,Person,US,1971-07-13,True
Mike Posner,Mike Posner,Person,US,1988-02-12,False
Moe,moe.,Group,US,1989,False
Surf Mesa,Surf Mesa,Person,US,2000-04-10,False
Katy Perry,Katy Perry,Person,US,1984-10-25,False
Kehlani,Kehlani,Person,US,1995-04-24,False
Catherine Zeta-Jones,Catherine Zeta‐Jones,Person,GB,1969-09-25,False
Young T & Bugsey,Young T & Bugsey,Group,,2012-01-01,False
THE SCOTTS,Scotts,Group,SE,1992,False
StaySolidRocky,StaySolidRocky,Person,,,False
Maddie & Tae,Maddie & Tae,Group,US,2014,False
PARTYNEXTDOOR,PARTYNEXTDOOR,Person,CA,1993-07-03,False
Travis Denning,Travis Denning,Person,US,1992-12-01,False
JP Saxe,JP Saxe,Person,CA,1994-03-23,False
SAINt JHN,SAINt JHN,Person,GY,1986-08-26,False
Powfu,Powfu,Person,CA,1999-03-31,False
BENEE,BENEE,Person,NZ,2000-01-30,False
Jhené Aiko,Jhené Aiko,Person,US,1988-03-16,False
Surfaces,Surfaces,Group,US,2017,False
Farizki,,,,,
The Little Dippers,The Little Dippers,,,,False
Khalid,Khalid,Person,US,1998-02-11,False
Lil Mosey,Lil Mosey,Person,US,2002-01-25,False
Alicia Keys,Alicia Keys,Person,US,1981-01-25,False
Ali Gatie,Ali Gatie,Person,CA,1997-05-31,False
Tonight I'm Garth Brooks,Garth Brooks,Person,US,1962-02-07,False
John Legend,John Legend,Person,US,1978-12-28,False
BROCKHAMPTON,BROCKHAMPTON,Group,US,2015-01,True
JACKBOYS,JACKBOYS,Group,US,2019,False
Noah Cyrus,Noah Cyrus,Person,US,2000-01-08,False
Darlene Love,Darlene Love,Person,US,1941-07-26,False
Chuck Berry,Chuck Berry,Person,US,1926-10-18,True
Frank Sinatra,Frank Sinatra,Person,US,1915-12-12,True
Dean Martin,Dean Martin,Person,US,1917-06-07,True
Thurl Ravenscroft,Thurl Ravenscroft,Person,US,1914-02-06,True
Fat Joe,Fat Joe,Person,US,1970-08-19,False
José Feliciano,José Feliciano,Person,US,1945-09-10,False
The Ronettes,The Ronettes,Group,US,1959,True
Gene Autry,Gene Autry,Person,US,1907-09-29,True
Andy Williams,Andy Williams,Person,US,1927-12-03,True
Brenda Lee,Brenda Lee,Person,US,1944-12-11,False
Wham!,Wham!,Group,GB,1981,True
Bobby Helms,Bobby Helms,Person,US,1933-08-15,True
Burl Ives,Burl Ives,Person,US,1909-06-14,True
Idina Menzel,Idina Menzel,Person,US,1971-05-30,False
Panic! At The Disco,Panic! at the Disco,Group,US,2004,True
Rexx Life Raj,Rexx Life Raj,Person,US,1990-01-30,False
Party Tyme Karaoke,House Party Karaoke,Group,,,False
Ant Saunders,Ant Saunders,Person,US,,False
Arizona Zervas,Arizona Zervas,Person,US,1995-04-19,False
Frank Ocean,Frank Ocean,Person,US,1987-10-28,False
DaniLeigh,DaniLeigh,Person,US,1994-12-20,False
A Day To Remember,A Day to Remember,Group,US,2003-06,False
Michael Jackson,Michael Jackson,Person,US,1958-08-29,True
ScHoolboy Q,ScHoolboy Q,Person,,1986-10-26,False
Tones And I,Tones and I,Person,AU,1998-05-13,False
French Montana,French Montana,Person,US,1984-11-09,False
DJ Snake,DJ Snake,Person,FR,1986-06-13,False
blackbear,blackbear,Person,US,1990-11-27,False
A$AP Rocky,A$AP Rocky,Person,US,1988-10-03,False
for KING & COUNTRY,for KING & COUNTRY,Group,US,2007,False
Peaceful Noise,Peaceful Noise,Person,,,False
Swae Lee,Swae Lee,Person,US,1993-06-07,False
Thomas Webster,Ben Webster,Person,US,1909-03-27,True
Runaway June,Runaway June,Group,US,2015,False
Sarah Jeffery,Sarah Jeffery,Person,CA,1996-04-03,False
Ambjaay,Ambjaay,Person,,,False
TOOL,Tool,Group,US,1990,False
Rick Ross,Rick Ross,Person,,1976-01-28,False
Chance the Rapper,Chance the Rapper,Person,US,1993-04-16,False
Blueface,Blueface,Person,US,1997-01-20,False
Blue Ivy,Ivy Blue,,,2014,False
Ellie Goulding,Ellie Goulding,Person,GB,1986-12-30,False
Mustard,Mustard,Person,US,1990-06-05,False
Daniel Caesar,Daniel Caesar,Person,CA,1995-04-05,False
Jhayco,Jhayco,Person,PR,1993-04-09,False
DJ D MAN Xtreme,D-Xtreme,Person,,1984-06-29,False
Y2K,Y2K,Person,US,,False
Martin Garrix,Martin Garrix,Person,NL,1996-05-15,False
Blanco Brown,Blanco Brown,Person,US,1985-03-24,False
Avicii,Avicii,Person,SE,1989-09-08,True
Bryce Vine,Bryce Vine,Person,US,1988-06-16,False
SHAED,SHAED,Group,US,2016-03,False
Yella Beezy,Yella Beezy,Person,,1991-10,False
Eyedress,Eyedress,Person,PH,1990-05-28,False
Ed Sheeran & Justin Bieber,Ed Sheeran,Person,GB,1991-02-17,False
Lunay,Lunay,Person,PR,2000-10-04,False
Nicky Jam,Nicky Jam,Person,PR,1980-02-25,False
PnB Rock,PnB Rock,Person,US,1991-12-09,True
Bazzi,Bazzi,Person,US,1997-08-28,False
prxmvc,,,,,
Lil Dicky,Lil Dicky,Person,US,1988-03-15,False
Otis Redding,Otis Redding,Person,US,1941-09-09,True
Dean Lewis,Dean Lewis,Person,AU,1987-10-21,False
Calboy,Calboy,Person,US,1999-04-03,False
Lauren Daigle,Lauren Daigle,Person,US,1991-09-09,False
Pinkfong,Pinkfong,Group,KR,,False
YK Osiris,YK Osiris,Person,,,False
Lil Peep,Lil Peep,Person,US,1996-11-01,True
Eli Young Band,Eli Young Band,Group,US,2000,False
Mabel,Mabel,Person,,1996-02-20,False
Pedro Capó,Pedro Capó,Person,PR,1980-11-14,False
Yo Gotti,Yo Gotti,Person,US,1981-05-19,False
Lauv,Lauv,Person,US,1994-08-08,False
Ski Mask The Slump God,Ski Mask the Slump God,Person,US,1996-04-18,False
Alec Benjamin,Alec Benjamin,Person,US,1994-05-28,False
KSI,KSI,Person,GB,1993-06-19,false
Calle 24,Calle 24,,,,false